,id,name,popularity,duration_ms,explicit,artists,id_artists,release_date,danceability,energy,key,loudness,mode,speechiness,acousticness,instrumentalness,liveness,valence,tempo,time_signature,source
120998,4EfN6bixdOOgoLYR5C4cWo,Birthday Cake,59,78200,1,['Rihanna'],['5pKCCKE2ajJHZ9KAiaK11H'],2011-11-19,0.7020000000000001,0.826,3,-6.497999999999999,1,0.0529,0.32,0.000227,0.355,0.32899999999999996,80.014,4,3
303006,6ihL9TjfRjadfEePzXXyVF,Gives You Hell,74,213107,0,['The All-American Rejects'],['3vAaWhdBR38Q02ohXqaNHT'],2008-01-01,0.718,0.691,4,-6.44,1,0.0387,0.0159,0.0,0.0627,0.552,100.008,4,3
93416,0tyR7Bu9P086aWBFZ4QJoo,Monsters (feat. blackbear),79,174068,1,"['All Time Low', 'blackbear']","['46gyXjRIvN1NL1eCB8GBxo', '2cFrymmkijnjDg9SS92EPM']",2020-04-03,0.369,0.845,0,-3.449,0,0.0611,0.0493,0.0,0.41600000000000004,0.782,78.532,4,3
88229,26rdOwwjC2UnweK3xeS58u,GDFR (feat. Sage the Gemini & Lookas),72,190186,0,"['Flo Rida', 'Sage The Gemini', 'Lookas']","['0jnsk9HBra6NMjO2oANoPY', '6d47Z08T4snK50HgTEHo5Z', '27fy6rHPC58Eo2VUu0iJSG']",2015-04-07,0.657,0.8270000000000001,5,-4.0360000000000005,1,0.0734,0.000704,0.00534,0.065,0.69,145.889,4,3
92857,1zLBsSVxETQOfINOLYvT5m,GIRL LIKE ME,89,222523,1,"['Black Eyed Peas', 'Shakira']","['1yxSLGMDHlW21z4YXirZDS', '0EmeFodog0BfCgMzAIvKQp']",2020-11-02,0.965,0.485,2,-8.783999999999999,1,0.191,0.0206,0.0237,0.0655,0.312,124.025,4,3
185457,1hyEoJnQvkAyEJpxuOZ6C0,Pure & Simple,52,228027,0,"[""Hear'Say""]",['1kMfh3vEY0iWX9SDVjvdsd'],2001-03-26,0.626,0.667,6,-6.6370000000000005,0,0.0417,0.0669,0.0,0.18100000000000002,0.748,75.006,4,3
71582,3oWZwdnnwsCwMukQbPsEiy,"5, 6, 7, 8",63,202267,0,['Steps'],['17UkABEasVRlCcIFZ3wHb7'],1998-09-14,0.71,0.9940000000000001,2,-4.899,1,0.0362,0.00715,0.611,0.29,0.938,140.04,4,3
468595,3YEbLhXRDPTtctnb3ddg8g,Big Ole Freak,67,214851,1,['Megan Thee Stallion'],['181bsRPaVXVlUKXrxwZfHK'],2018-12-21,0.799,0.6990000000000001,2,-7.694,1,0.204,0.00867,0.0,0.132,0.627,142.97899999999998,4,3
81274,0JiY190vktuhSGN6aqJdrt,So What,78,215160,1,['P!nk'],['1KCSPY1glIKqW2TotWuXOR'],2008-10-24,0.534,0.87,11,-3.0780000000000003,0,0.0425,0.00032900000000000003,0.0,0.24100000000000002,0.462,126.01899999999999,4,3
115651,35Dh5MnCUPLN3XyAVtQff3,Do It,73,176787,0,['Chloe x Halle'],['0AsThoR4KZSVktALiNcQwW'],2020-06-03,0.725,0.6679999999999999,5,-7.2860000000000005,0,0.055,0.0932,2.33e-06,0.11199999999999999,0.5660000000000001,82.96600000000001,4,3
66453,6kWJvPfC4DgUpRsXKNa9z9,All That She Wants,74,211213,0,['Ace of Base'],['5ksRONqssB7BR161NTtJAm'],1993-12-24,0.7979999999999999,0.625,11,-9.689,1,0.0548,0.00547,7.979999999999999e-05,0.10300000000000001,0.858,93.764,4,3
91875,2b8fOow8UzyDFAE27YhOZM,Memories,88,189486,0,['Maroon 5'],['04gDigrS5kc9YWfZHwBETP'],2019-09-20,0.764,0.32,11,-7.209,1,0.0546,0.8370000000000001,0.0,0.0822,0.575,91.01899999999999,4,3
69898,6rqkwoZu5oX5hugeyiJCM8,Follow You Down,53,270067,0,['Gin Blossoms'],['6kXp61QMZFPcKMcRPqoiVj'],1996-01-01,0.461,0.924,4,-7.047000000000001,0,0.0449,0.0123,0.0,0.0342,0.68,155.829,4,3
69456,0z1b34WikhOH9ZxU8QDWcv,One Headlight,72,312627,0,['The Wallflowers'],['0jJNGWrpjGIHUdTTJiIYeB'],1996-01-01,0.701,0.539,2,-8.968,1,0.0277,0.000655,0.005,0.0589,0.752,107.531,4,3
300636,2FfZg072w8RoxlMOR7M4CT,Ants Marching,63,271187,0,['Dave Matthews Band'],['2TI7qyDE0QfyOlnbtfDo7L'],1994-09-27,0.637,0.856,2,-4.34,1,0.034,0.0187,1.99e-05,0.0157,0.846,113.32,4,3
91507,3A2yGHWIzmGEIolwonU69h,Act Up,73,158332,1,['City Girls'],['37hAfseJWi0G3Scife12Il'],2018-11-16,0.938,0.638,8,-4.713,1,0.18899999999999997,0.0167,0.0,0.111,0.313,97.075,4,3
68539,0ttHpMs250dpFkCYAnuhnE,Good,64,185093,0,['Better Than Ezra'],['4UuoJfJ9UybJft7a8E6UHX'],1995-02-28,0.615,0.657,7,-6.872999999999999,1,0.028999999999999998,0.00037200000000000004,0.0204,0.132,0.792,109.95,4,3
75712,65mxB9IWpmVo4qUjdGSxRB,Girls & Boys,64,183493,0,['Good Charlotte'],['5aYyPjAsLj7UzANzdupwnS'],2002-10-04,0.6629999999999999,0.72,3,-5.497000000000001,1,0.0331,0.00212,0.0,0.358,0.608,135.342,4,3
185708,4k1ffvQabEZP9dxwhCkxY9,God Is a DJ,54,225400,1,['P!nk'],['1KCSPY1glIKqW2TotWuXOR'],2003-11-10,0.639,0.977,5,-3.199,0,0.0597,0.0901,2.42e-06,0.23800000000000002,0.4,111.96600000000001,4,3
81286,1dzQoRqT5ucxXVaAhTcT0J,Just Dance,77,241933,0,"['Lady Gaga', ""Colby O'Donis""]","['1HY2Jd0NmPuamShAr6KMms', '7fObcBw9VM3x7ntWKCYl0z']",2008-01-01,0.8220000000000001,0.7390000000000001,1,-4.541,0,0.0311,0.0264,4.26e-05,0.18100000000000002,0.745,118.992,4,3
93396,4jVBIpuOiMj1crqd8LoCrJ,FRANCHISE (feat. Young Thug & M.I.A.),79,202795,1,"['Travis Scott', 'Young Thug', 'M.I.A.']","['0Y5tJX1MQlPlqiwlOH1tJY', '50co4Is1HCEo8bhOyUWKpn', '0QJIPDAEDILuo8AIq3pMuU']",2020-09-25,0.835,0.6990000000000001,8,-5.405,0,0.27699999999999997,0.00671,0.0,0.195,0.547,154.981,4,4
90390,0dWOFwdXrbBUYqD9DLsoyK,BLEACH,74,273151,1,['BROCKHAMPTON'],['1Bl6wpkWCQ4KVgnASpvzzA'],2017-12-15,0.595,0.657,1,-6.497999999999999,0,0.183,0.462,0.000597,0.43700000000000006,0.718,156.093,4,4
93119,0ada5XsQGLPUVbmTCkAP49,Hate The Other Side (with Marshmello & The Kid Laroi),82,160212,1,"['Juice WRLD', 'Marshmello', 'The Kid LAROI', 'Polo G']","['4MCBfE4596Uoi2O4DtmEMz', '64KEffDW9EtZ1y2vBYgq8T', '2tIP7SsRs7vjIcLrU85W8J', '6AgTAQt8XS6jRWi4sX7w49']",2020-07-10,0.701,0.65,6,-6.313,1,0.10400000000000001,0.29100000000000004,0.0,0.11199999999999999,0.647,90.00299999999999,4,4
93682,7v96VvFLS0wSYT8kewNLRy,24 (feat. Lil Baby),77,182857,1,"['Money Man', 'Lil Baby']","['3Rx4PJ7SP6unkOk5elPUK7', '5f7VJjfbwm532GiveGC0ZK']",2020-08-14,0.868,0.638,2,-7.746,1,0.0736,0.146,0.0565,0.0931,0.45899999999999996,126.03,4,4
93804,3Ofmpyhv5UAQ70mENzB277,Astronaut In The Ocean,98,132780,0,['Masked Wolf'],['1uU7g3DNSbsu0QjSEqZtEd'],2021-01-06,0.778,0.695,4,-6.865,0,0.0913,0.175,0.0,0.15,0.47200000000000003,149.996,4,4
92841,1tkg4EHVoqnhR6iFEXb60y,What You Know Bout Love,91,160000,1,['Pop Smoke'],['0eDvMgVFoNV3TpwtrVCoTj'],2020-07-03,0.7090000000000001,0.5479999999999999,10,-8.493,1,0.353,0.65,1.59e-06,0.133,0.5429999999999999,83.995,4,4
88953,1zi7xx7UVEFkmKfv06H8x0,One Dance,83,173987,0,"['Drake', 'WizKid', 'Kyla']","['3TVXtAsR1Inumwj472S9r4', '3tVQdUvClmAT7URs9V3rsp', '77DAFfvm3O9zT5dIoG0eIO']",2016-05-06,0.792,0.625,1,-5.609,1,0.0536,0.0077599999999999995,0.0018,0.32899999999999996,0.37,103.96700000000001,4,4
90022,2eAZfqOm4EnOF9VvN50Tyc,The Way Life Goes (feat. Oh Wonder),79,221747,1,"['Lil Uzi Vert', 'Oh Wonder']","['4O15NlyKLIASxsJ0PrXPfz', '5cIc3SBFuBLVxJz58W2tU9']",2017-08-25,0.703,0.757,1,-3.612,1,0.05,0.617,0.0,0.106,0.696,82.008,4,4
323209,2CHmgtK8OCL28WtIK96u4N,30 Hours,63,323303,1,['Kanye West'],['5K4W6rqBFWDnAN6FQUkS6x'],2016-06-10,0.823,0.813,7,-6.71,1,0.28800000000000003,0.0359,0.0,0.0886,0.373,95.012,4,4
86989,62vpWI1CHwFy7tMIcSStl8,No Role Modelz,85,292987,1,['J. Cole'],['6l3HvQ5sa6mXTsMTB19rO5'],2014-12-09,0.6920000000000001,0.521,10,-8.465,0,0.33,0.301,0.0,0.0565,0.46299999999999997,100.45,4,4
93872,4jPy3l0RUwlUI9T5XHBW2m,Mood (feat. iann dior),85,140533,1,"['24kGoldn', 'iann dior']","['6fWVd57NKTalqvmjRd2t8Z', '6ASri4ePR7RlsvIQgWPJpS']",2021-03-26,0.701,0.716,7,-3.6710000000000003,0,0.0361,0.174,0.0,0.324,0.732,91.007,4,4
92979,7JuHVG3qQKQKxC4doneXVW,Back In Blood (feat. Lil Durk),85,184490,1,"['Pooh Shiesty', 'Lil Durk']","['5F1aAS1duwlzExnPs3l2Xe', '3hcs9uc56yIGFCSy9leWe7']",2020-11-06,0.759,0.5379999999999999,8,-8.256,0,0.384,0.151,0.0,0.126,0.831,146.933,4,4
285844,5qrEkUKaATdlcir9Vprj3d,25 to Life,28,186027,0,['Richie Campbell'],['2swvbEAfN70ZFcQB4Y7MaS'],2015-05-04,0.561,0.795,11,-4.757,1,0.0922,0.10800000000000001,0.0,0.171,0.9209999999999999,88.65299999999999,4,4
245244,2wK7y55bzry7tUDmDqYaz7,48,58,247293,1,"['Tyler, The Creator']",['4V8LLVI7PbaPR0K2TGSxFF'],2013-04-01,0.5579999999999999,0.887,1,-8.083,1,0.265,0.132,0.0,0.89,0.537,119.91,4,4
444360,5KbyaL9axdN8x9JAxollOp,Got It All,64,199673,1,"['Professor Green', 'Alice Chater']","['0oJM3iJjMdzgsd4z5VHQvw', '6MwwUAN4kN0umzSH7w6y93']",2019-09-06,0.9,0.5,11,-6.4479999999999995,0,0.068,0.067,0.00115,0.121,0.456,107.98899999999999,4,4
91885,3eekarcy7kvN4yt5ZFzltW,HIGHEST IN THE ROOM,87,175721,1,['Travis Scott'],['0Y5tJX1MQlPlqiwlOH1tJY'],2019-10-04,0.598,0.42700000000000005,7,-8.764,0,0.0317,0.0546,5.83e-06,0.21,0.0605,76.469,4,4
93045,1H7KnK26kc1YyellpbINEn,The Woo (feat. 50 Cent & Roddy Ricch),83,201600,1,"['Pop Smoke', '50 Cent', 'Roddy Ricch']","['0eDvMgVFoNV3TpwtrVCoTj', '3q7HBObVc0L8jNeTe5Gofh', '757aE44tKEUQEqRuT6GnEB']",2020-07-03,0.49,0.618,1,-5.655,1,0.10400000000000001,0.0221,3.77e-06,0.259,0.28600000000000003,99.7,4,4
92883,1VLtjHwRWOVJiE5Py7JxoQ,Martin & Gina,88,132833,1,['Polo G'],['6AgTAQt8XS6jRWi4sX7w49'],2020-05-15,0.8320000000000001,0.534,1,-7.813,0,0.253,0.345,0.0,0.165,0.11599999999999999,93.92399999999999,4,4
305173,3PYx9Wte3jwb48V0wArMOy,Keanu Reeves,70,225920,1,['Logic'],['4xRYI6VqpkE3UwrDrAZL8L'],2019-05-10,0.7120000000000001,0.8909999999999999,2,-6.457000000000001,1,0.24,0.0557,0.0,0.134,0.799,170.13,4,4
92014,07KXEDMj78x68D884wgVEm,High Fashion (feat. Mustard),80,220487,1,"['Roddy Ricch', 'Mustard']","['757aE44tKEUQEqRuT6GnEB', '0YinUQ50QDB7ZxSCLyQ40k']",2019-12-06,0.831,0.499,11,-8.442,0,0.114,0.26899999999999996,0.0,0.3,0.511,97.956,4,4
86319,04caEZhAsQKnWqKsMwk9ud,My Number,69,238853,0,['Foals'],['6FQqZYVfTNQ1pCqfkwVFEa'],2013-01-31,0.639,0.715,6,-8.954,0,0.0392,0.0243,0.000552,0.619,0.813,128.072,4,6
78465,5vfjUAhefN7IjHbTvVCT4Z,Holiday,70,233027,0,['Green Day'],['7oPftvlwr6VrsViSDV7fJY'],2005-03-30,0.5379999999999999,0.884,8,-3.2510000000000003,1,0.031,0.000138,0.0,0.466,0.736,146.511,4,6
78610,2ndWbjiiNBEOrlfToKlABE,I Will Follow You into the Dark,65,189400,0,['Death Cab for Cutie'],['0YrtvWJMgSdVrk3SfNjTbx'],2005-08-29,0.581,0.163,5,-14.686,1,0.0447,0.9229999999999999,0.0,0.11800000000000001,0.475,77.748,4,6
93716,6xZ4Q2k2ompmDppyeESIY8,Level of Concern,77,220051,0,['Twenty One Pilots'],['3YQKmKGau1PzlVlkL1iodx'],2020-04-09,0.754,0.583,4,-7.34,0,0.0432,0.32,0.00015,0.14400000000000002,0.77,122.012,4,6
186830,0MhwaBVJghoZsEzHbr0qjl,Tighten Up,36,211122,0,['The Black Keys'],['7mnBLXK823vNxN3UWB7Gfz'],2010-05-18,0.491,0.706,1,-6.207000000000001,0,0.0669,0.00118,3.98e-06,0.496,0.573,108.927,4,6
443458,07e14r44g2EeOg9PIFsimm,Norgaard,56,98400,0,['The Vaccines'],['0Ak6DLKHtpR6TEEnmcorKA'],2011-03-14,0.322,0.847,11,-4.716,1,0.0349,4.92e-06,0.0246,0.25,0.86,173.917,4,6
80649,1IFRVS4t1olI0XG9RBWdKH,The Girl,64,360107,0,['City and Colour'],['74gcBzlQza1bSfob90yRhR'],2007,0.40399999999999997,0.542,10,-7.577999999999999,1,0.0349,0.8370000000000001,7.209999999999999e-05,0.13699999999999998,0.183,109.166,4,6
90352,4BdGO1CaObRD4La9l5Zanz,Sit Next to Me,74,243147,0,['Foster The People'],['7gP3bB2nilZXLfPHJhMdvc'],2017-07-21,0.638,0.738,6,-4.976,0,0.0292,0.11699999999999999,0.000384,0.6890000000000001,0.657,97.021,4,6
467583,0PTYTZvNNtlvdOwWRYrbfC,The Sound of Settling,51,132507,0,['Death Cab for Cutie'],['0YrtvWJMgSdVrk3SfNjTbx'],2003,0.423,0.7609999999999999,6,-6.593,1,0.0278,0.0055899999999999995,0.000535,0.215,0.7809999999999999,175.34900000000002,4,6
79634,1aDLUzCyYpRXgrjwUWzV2X,Lazy Eye,66,354360,0,['Silversun Pickups'],['6qyi8X6MdP1lu6B1K6yh3h'],2006-07-25,0.633,0.831,4,-5.053,1,0.0461,0.0401,0.693,0.11699999999999999,0.243,127.397,4,6
70447,6ORqU0bHbVCRjXm9AjyHyZ,Good Riddance (Time of Your Life),77,153467,1,['Green Day'],['7oPftvlwr6VrsViSDV7fJY'],1997-10-14,0.475,0.43200000000000005,7,-7.843999999999999,1,0.0302,0.183,0.0,0.161,0.648,94.605,4,6
470884,0BPKqNWOKQam19tKWoZQwu,Birch Tree,58,261133,0,['Foals'],['6FQqZYVfTNQ1pCqfkwVFEa'],2015-08-28,0.659,0.792,6,-7.101,0,0.0301,0.0186,0.0407,0.102,0.467,108.01100000000001,4,6
92967,02MWAaffLxlfxAUY7c5dvx,Heat Waves,85,238805,0,['Glass Animals'],['4yvcSjfu4PC0CYQyLy4wSq'],2020-08-06,0.7609999999999999,0.525,11,-6.9,1,0.0944,0.44,6.7e-06,0.0921,0.531,80.87,4,6
492972,5JWPUEov2wlX7c0jhYZpeB,Lost In Yesterday,73,249587,0,['Tame Impala'],['5INjqkS1o8h1imAzPqGZBb'],2020-02-14,0.569,0.84,1,-4.123,1,0.11800000000000001,0.0295,0.000118,0.0995,0.7490000000000001,183.05900000000003,3,6
71450,3SFXsFpeGmBTtQvKiwYMDA,Pretty Fly (For A White Guy),74,188667,0,['The Offspring'],['5LfGQac0EIXyAN8aUwmNAQ'],1998-11-16,0.723,0.895,11,-3.707,0,0.102,0.08800000000000001,0.0,0.0717,0.963,143.373,4,6
93904,2z0IupRlVRlDN5r2IVqHyN,Shy Away,82,175044,0,['Twenty One Pilots'],['3YQKmKGau1PzlVlkL1iodx'],2021-04-07,0.588,0.856,9,-5.242000000000001,0,0.0316,0.0008179999999999999,0.0739,0.23800000000000002,0.635,96.96600000000001,4,6
76496,0hDQV9X1Da5JrwhK8gu86p,Maps,69,219987,0,['Yeah Yeah Yeahs'],['3TNt4aUIxgfy9aoaft5Jj2'],2003-04-29,0.502,0.941,7,-5.194,1,0.0716,0.000346,0.319,0.5529999999999999,0.124,119.78299999999999,4,6
302687,03wKMRNYVvw6s9nm4I4jUS,Wolf Like Me,62,279293,0,['TV On The Radio'],['3HJIB8sYPyxrFGuwvKXSLR'],2006-01-01,0.363,0.787,7,-5.071000000000001,1,0.0429,0.0017699999999999999,0.00446,0.531,0.201,175.919,4,6
65444,6txWz9UapYHVxEd7dDIHXT,No Rain,76,217107,0,['Blind Melon'],['5sD1ZLf2dGQ9gQ3YJl1eAd'],1992-01-01,0.389,0.47600000000000003,9,-9.342,1,0.0316,0.619,5.0900000000000004e-05,0.255,0.5660000000000001,148.11700000000002,4,6
84492,4HRa9ZWcmZ8JD7UySPu0wT,Don't Stop (Color on the Walls),65,174920,0,['Foster The People'],['7gP3bB2nilZXLfPHJhMdvc'],2011-05-23,0.611,0.948,1,-3.7510000000000003,0,0.0753,0.00183,0.0995,0.0969,0.79,133.004,4,6
92555,30uCmqegKQnH5AbOE51gPD,Ghost,74,169413,1,['Confetti'],['1oyUjl52ohRrCv3EL1UdpM'],2019-10-18,0.7659999999999999,0.6729999999999999,5,-5.066,0,0.239,0.00286,0.000594,0.486,0.705,84.947,4,0
85088,4esOae7i4rqTbAu9o5Pxco,Girl on Fire,77,224920,0,['Alicia Keys'],['3DiDSECUqqY1AuBP8qtaIa'],2012-11-18,0.48200000000000004,0.706,9,-5.7620000000000005,1,0.0609,0.135,0.00106,0.105,0.14400000000000002,92.494,4,0
87162,5DJNyvuMmZfsfvdTpMMmUq,Sour Patch Kids,72,252547,1,['Bryce Vine'],['1ShZZUjkbXCjhwrb18BA8I'],2014-04-22,0.523,0.7829999999999999,9,-5.084,1,0.0545,0.0144,1.7100000000000002e-05,0.21899999999999997,0.581,76.58800000000001,4,0
87961,2Z8WuEywRWYTKe1NybPQEW,Ride,82,214507,0,['Twenty One Pilots'],['3YQKmKGau1PzlVlkL1iodx'],2015-05-15,0.645,0.713,6,-5.355,1,0.0393,0.00835,0.0,0.113,0.5660000000000001,74.98899999999999,4,0
88987,0ErK6K0kYr0Ow2RkPMhmMs,Shout Out to My Ex,80,246240,0,['Little Mix'],['3e7awlrlDSwF3iM0WBjGMp'],2016-11-18,0.773,0.747,5,-4.061,1,0.0885,0.0242,8.99e-06,0.109,0.8009999999999999,126.014,4,0
74548,7GbqE3MlkKosIaCvf50JRK,"Lady Marmalade - From ""Moulin Rouge"" Soundtrack",70,264893,0,"['Christina Aguilera', ""Lil' Kim"", 'MÃ½a', 'P!nk']","['1l7ZsJRRS8wlW3WfJfPfNS', '5tth2a3v0sWwV1C7bApBdX', '6lHL3ubAMgSasKjNqKb8HF', '1KCSPY1glIKqW2TotWuXOR']",2001-09-03,0.76,0.8009999999999999,5,-3.7689999999999997,1,0.0534,0.0144,1.49e-05,0.665,0.653,109.919,4,0
67504,6CU0zWIWVTEnmWpSjVHM93,You Gotta Be,66,245200,0,"[""Des'ree""]",['73ZPfpfg1LBVvDEArK4l5B'],1994-04-27,0.627,0.669,0,-9.985,1,0.0412,0.21100000000000002,2.72e-06,0.111,0.498,94.029,4,0
86993,34gCuhDGsG4bRPIf9bb02f,Thinking out Loud,84,281560,0,['Ed Sheeran'],['6eUKZXaKkcviH0Ku9w2n3V'],2014-06-21,0.7809999999999999,0.445,2,-6.061,1,0.0295,0.474,0.0,0.184,0.591,78.998,4,0
82182,3E7dfMvvCLUddWissuqMwr,Party In The U.S.A.,80,202067,0,['Miley Cyrus'],['5YGY8feqx7naU7z4HrwZM6'],2009-01-01,0.652,0.698,10,-4.667,0,0.042,0.00112,0.00011499999999999999,0.0886,0.47,96.021,4,0
115456,0uDdI4fAXCuNhQbmxENdsO,Can I,71,167810,1,['Kehlani'],['0cGUm45nv7Z6M6qdXYQGTX'],2020-05-08,0.574,0.7909999999999999,1,-3.752,1,0.11,0.419,0.0,0.0982,0.612,119.537,4,0
312765,2bNxCVI4Fub8BAwr0CQDyd,Rotten to the Core,63,162067,0,"['Dove Cameron', 'Cameron Boyce', 'Booboo Stewart', 'Sofia Carson']","['2W8yFh0Ga6Yf3jiayVxwkE', '4uBD3fsHzb3IpOTGpicsbH', '4A6cd63FWHbCLqk9mtGUZZ', '7bp2lSdh12wcA8LyB1srfJ']",2015-01-01,0.693,0.8079999999999999,4,-6.231,0,0.09300000000000001,0.0506,1.18e-06,0.578,0.547,127.945,4,0
55494,3MrWxJaD2AT0W9DjWF64Vm,Come On Eileen,77,287307,0,['Dexys Midnight Runners'],['4QTVePrFu1xuGM9K0kNXkk'],1982-07-22,0.45,0.6559999999999999,2,-7.0489999999999995,1,0.0472,0.664,3.02e-06,0.259,0.782,106.61,4,0
131641,63OC8cNa4ZnFB3bbvbWCOc,Black Mambo,62,248920,0,['Glass Animals'],['4yvcSjfu4PC0CYQyLy4wSq'],2014-06-03,0.675,0.409,0,-10.707,0,0.0423,0.294,0.000596,0.11900000000000001,0.308,79.954,4,0
90985,3swc6WTsr7rl9DqQKQA55C,Psycho (feat. Ty Dolla $ign),81,221440,1,"['Post Malone', 'Ty Dolla $ign']","['246dkjvS1zLTtiykXe5h60', '7c0XG5cIJTrrAgEC3ULPiq']",2018-04-27,0.75,0.56,8,-8.094,1,0.105,0.546,0.0,0.111,0.45899999999999996,140.06,4,0
66540,30qVCFYKBtAENjTIBA8FPZ,The River of Dreams,63,247627,0,['Billy Joel'],['6zFYqv1mOsgBRQbae3JJ9e'],1993-08-10,0.631,0.7490000000000001,7,-8.15,1,0.0576,0.205,5.21e-06,0.0667,0.43700000000000006,89.646,4,0
89512,2nBI3iWLhupR7LyAJ5GGkE,Champions,69,334253,1,"['Kanye West', 'Gucci Mane', 'Big Sean', '2 Chainz', 'Travis Scott', 'Yo Gotti', 'Quavo', 'Desiigner']","['5K4W6rqBFWDnAN6FQUkS6x', '13y7CgLHjMVRMDqxdx0Xdo', '0c173mlxpT3dSFRgMO8XPh', '17lzZA2AlOHwCwFALHttmp', '0Y5tJX1MQlPlqiwlOH1tJY', '6Ha4aES39QiVjR0L2lwuwq', '0VRj0yCOv2FXJNP47XQnx5', '7pFeBzX627ff0VnN6bxPR4']",2016-06-10,0.6920000000000001,0.774,6,-2.48,0,0.0876,0.0623,0.0,0.873,0.349,134.952,4,0
89060,6fujklziTHa8uoM5OQSfIo,Black Beatles,76,291893,1,"['Rae Sremmurd', 'Gucci Mane']","['7iZtZyCzp3LItcw1wtPI3D', '13y7CgLHjMVRMDqxdx0Xdo']",2016-08-12,0.794,0.632,0,-6.162999999999999,1,0.0649,0.142,0.0,0.128,0.355,145.92600000000002,4,0
89879,550rQQCGkrTzvp4SfpOPzx,Hallelujah,66,268960,0,['Pentatonix'],['26AHtbjWKiwYzsoGoUZq53'],2016-10-21,0.322,0.377,7,-7.385,0,0.0356,0.45399999999999996,0.0,0.33799999999999997,0.366,118.669,4,0
84737,7Dyq1bhhjknLKEGg4k5NLr,Hold It Against Me,62,228827,0,['Britney Spears'],['26dSoYclwsYLMAKD3tpOr4'],2011-03-28,0.648,0.722,0,-4.813,0,0.0427,0.0103,0.0,0.24,0.389,132.97299999999998,4,0
443633,1fNSSpYkkEWtDIBU1QSEWa,Little Red Wagon,6,204387,0,['Miranda Lambert'],['66lH4jAE7pqPlOlzUKbwA0'],2017-03-10,0.584,0.813,6,-7.221,1,0.0582,0.0297,0.000197,0.272,0.774,95.081,4,0
303412,01ZepwW5W3Z4fwl4bzaHyY,Kick It In The Sticks,63,225747,0,['Brantley Gilbert'],['5q8HGNo0BjLWaTAhRtbwxa'],2010,0.493,0.843,8,-5.9239999999999995,0,0.0707,0.00507,0.0,0.13,0.523,158.028,4,0
93742,4E7ZbuJH3NddjnMWLstkRq,I Am (feat. Flo Milli),76,182465,1,"['Yung Baby Tate', 'Flo Milli']","['3IJ21966TwNZI24MwZHMu4', '08PvCOlef4xdOr20jFSTPd']",2020-12-04,0.932,0.835,1,-3.905,1,0.156,0.105,0.0,0.0847,0.9259999999999999,144.02,4,0
93065,7bCfHiRcfUjG0YVVNUL7Ve,E-GIRLS ARE RUINING MY LIFE!,83,105176,1,"['CORPSE', 'Savage Ga$p']","['7yntSJ6uojO3z6GFUVwhAW', '0x7qiZJaal6j8qS7yCydFk']",2020-09-25,0.614,0.937,1,-7.443,1,0.115,0.00161,0.0013599999999999999,0.10300000000000001,0.386,84.98,4,0
81367,4P7VFiaZb3xrXoqGwZXC3J,Lollipop,71,299333,1,"['Lil Wayne', 'Static Major']","['55Aa2cqylxrFIXC767Z865', '3pbi8H08p95NUZ7m6ybxUV']",2008-06-10,0.8290000000000001,0.428,0,-9.469,1,0.0831,0.055999999999999994,0.00413,0.13699999999999998,0.45,148.075,4,0
304948,6nqvInlnaMzEzaw4s0zbee,Doin' Fine,66,199907,0,['Lauren Alaina'],['1v3tdpIdBSW14rHUfiEVOv'],2017-01-27,0.439,0.752,8,-4.143,1,0.0375,0.11599999999999999,0.0,0.133,0.456,166.051,4,0
85071,55h7vJchibLdUkxdlX3fK7,Treasure,79,178560,1,['Bruno Mars'],['0du5cEVh5yTK9QJze8zA0C'],2012-12-07,0.8740000000000001,0.6920000000000001,5,-5.28,0,0.0431,0.0412,7.240000000000001e-05,0.324,0.937,116.01700000000001,4,0
86394,2wEjPgOCEczmjlvq60LyQi,Girls / Girls / Boys,67,206840,0,['Panic! At The Disco'],['20JZFwl6HVl6yg8a4H3ZqK'],2013-10-04,0.606,0.924,11,-4.531000000000001,0,0.0349,0.00216,3.3e-06,0.24,0.965,144.998,4,0
92989,1IIKrJVP1C9N7iPtG6eOsK,Go Crazy,85,176960,1,"['Chris Brown', 'Young Thug']","['7bXgB6jMjp9ATFy66eO08Z', '50co4Is1HCEo8bhOyUWKpn']",2020-05-08,0.755,0.578,0,-8.932,0,0.145,0.316,0.0,0.25,0.581,94.148,4,0
109298,2GtgLDMkFr4QL6ZU8uretH,All About U,47,273160,1,"['2Pac', 'Snoop Dogg', 'Nate Dogg', 'Dru Down']","['1ZwdS5xdxEREPySFridCfh', '7hJcb9fa4alzcOq3EaNPoG', '1Oa0bMld0A3u5OTYfMzp5h', '0WbeGaye1H1KUdYWzYlTmk']",1998-01-01,0.927,0.746,2,-5.341,1,0.15,0.11199999999999999,0.0,0.13,0.818,103.008,4,0
245776,5nQvUs9YQeg3vshSzydlRw,Free Animal,60,180213,0,['Foreign Air'],['5ApQnMT6oR8eLguf24xb9S'],2016-09-02,0.5770000000000001,0.583,5,-7.257000000000001,0,0.0433,0.0904,0.0,0.0937,0.406,80.002,4,0
92707,2KKijf6Ett4kmVNJze2roh,The Git Up,73,200594,0,['Blanco Brown'],['3yzRiNMZdTsSUgplcyYZ4i'],2019-10-10,0.847,0.6779999999999999,9,-8.635,1,0.109,0.0669,0.0,0.27399999999999997,0.8109999999999999,97.984,4,0
90900,0u2P5u6lvoDfwTYjAADbn4,lovely (with Khalid),89,200186,0,"['Billie Eilish', 'Khalid']","['6qqNVTkY8uBg9cP3Jd7DAH', '6LuN9FCkKOj5PcnpouEgny']",2018-04-19,0.35100000000000003,0.29600000000000004,4,-10.109,0,0.0333,0.934,0.0,0.095,0.12,115.28399999999999,4,0
74464,2lnzGkdtDj5mtlcOW2yRtG,"Whenever, Wherever",75,196160,0,['Shakira'],['0EmeFodog0BfCgMzAIvKQp'],2001-11-13,0.7929999999999999,0.8320000000000001,1,-4.862,0,0.0406,0.23600000000000002,1.12e-05,0.20199999999999999,0.872,107.661,4,0
86045,2iJuuzV8P9Yz0VSurttIV5,Scream & Shout,80,283400,1,"['will.i.am', 'Britney Spears']","['085pc2PYOi8bGKj0PNjekA', '26dSoYclwsYLMAKD3tpOr4']",2013-01-01,0.772,0.685,5,-6.849,1,0.0696,0.019,8.96e-05,0.131,0.501,130.033,4,0
62441,3Cx4yrFaX8CeHwBMReOWXI,We Didn't Start the Fire,76,287733,0,['Billy Joel'],['6zFYqv1mOsgBRQbae3JJ9e'],1989-10-17,0.7120000000000001,0.9670000000000001,7,-5.206,1,0.047,0.0771,0.0,0.35600000000000004,0.895,145.024,4,0
91288,6XcfKZvJio9Z0fQy11GnNX,broken,75,204878,0,['lovelytheband'],['4KJ6jujcNPzOyhdNoiNftp'],2018-08-03,0.6659999999999999,0.728,7,-5.808,1,0.0419,0.00175,4.26e-06,0.0429,0.51,122.99600000000001,4,0
54595,4frelkLhC4ATqJH9VGJztu,Spirits In The Material World,57,179067,0,['The Police'],['5NGO30tJxFlKixkPSgXcFE'],1981-10-02,0.833,0.6629999999999999,9,-7.859,0,0.057999999999999996,0.273,0.016,0.0327,0.8590000000000001,141.55100000000002,4,0
93822,31qCy5ZaophVA81wtlwLc4,Anyone,90,190779,0,['Justin Bieber'],['1uNFoZAHBGtllmzznpCI3s'],2021-01-01,0.6859999999999999,0.5379999999999999,2,-8.026,1,0.0345,0.18100000000000002,3.13e-06,0.113,0.584,115.884,4,0
89550,7ciLq0Cip0yxiz6KANrOUq,Toothbrush,69,231813,0,['DNCE'],['6T5tfhQCknKG4UnH90qGnz'],2016-11-18,0.556,0.785,7,-5.8420000000000005,1,0.133,0.122,0.0,0.46799999999999997,0.825,104.978,4,0
85239,3180WDzph4WrS4sLSNcGfa,Wings,70,221720,0,['Little Mix'],['3e7awlrlDSwF3iM0WBjGMp'],2012-11-19,0.742,0.878,9,-3.127,0,0.128,0.000758,8.88e-05,0.28600000000000003,0.564,114.965,4,0
